ns3::TcpIllinois,5,1,3,1,4.48e-05,3.10565,66.6667
ns3::TcpIllinois,5,2,3,1,4.48e-05,3.20613,66.6667
ns3::TcpIllinois,5,3,3,1,4.48e-05,3.30649,66.6667
ns3::TcpIllinois,5,4,3,1,4.48e-05,9.61509,66.6667
ns3::TcpIllinois,5,5,3,1,4.48e-05,3.40652,66.6667
ns3::TcpIllinois,5,6,3,1,4.48e-05,9.31489,66.6667
ns3::TcpIllinois,5,7,3,1,4.48e-05,6.71061,66.6667
ns3::TcpIllinois,5,8,3,1,4.48e-05,7.11145,66.6667
ns3::TcpIllinois,5,9,3,0,0,-nan,100
ns3::TcpIllinois,5,10,3,1,4.48e-05,9.51507,66.6667
ns3::TcpIllinois,5,11,3,0,0,-nan,100
ns3::TcpIllinois,5,12,3,1,4.48e-05,7.21176,66.6667
ns3::TcpIllinois,5,13,3,1,4.48e-05,7.01114,66.6667
ns3::TcpIllinois,5,14,3,1,4.48e-05,6.61058,66.6667
ns3::TcpIllinois,5,15,3,1,4.48e-05,9.21477,66.6667
ns3::TcpIllinois,5,16,2,0,0,-nan,100
ns3::TcpIllinois,5,17,2,0,0,-nan,100
ns3::TcpIllinois,5,18,2,0,0,-nan,100
ns3::TcpIllinois,5,19,2,0,0,-nan,100
ns3::TcpIllinois,5,20,2,0,0,-nan,100
ns3::TcpIllinois,5,21,2,0,0,-nan,100
ns3::TcpIllinois,5,22,1,0,0,-nan,100
ns3::TcpIllinois,5,23,1,0,0,-nan,100
ns3::TcpIllinois,5,24,1,0,0,-nan,100
ns3::TcpIllinois,5,25,1,0,0,-nan,100
ns3::TcpIllinois,5,26,1,0,0,-nan,100
ns3::TcpIllinois,5,27,1,0,0,-nan,100
ns3::TcpIllinois,5,28,1,0,0,-nan,100
ns3::TcpIllinois,10,1,3,0,0,-nan,100
ns3::TcpIllinois,10,2,3,1,4.48e-05,7.11226,66.6667
ns3::TcpIllinois,10,3,3,0,0,-nan,100
ns3::TcpIllinois,10,4,3,0,0,-nan,100
ns3::TcpIllinois,10,5,3,1,4.48e-05,7.31269,66.6667
ns3::TcpIllinois,10,6,3,1,4.48e-05,7.613,66.6667
ns3::TcpIllinois,10,7,3,1,4.48e-05,6.81191,66.6667
ns3::TcpIllinois,10,8,3,1,4.48e-05,3.50769,66.6667
ns3::TcpIllinois,10,9,3,0,0,-nan,100
ns3::TcpIllinois,10,10,3,1,4.48e-05,3.20693,66.6667
ns3::TcpIllinois,10,11,3,1,4.48e-05,3.10685,66.6667
ns3::TcpIllinois,10,12,3,0,0,-nan,100
ns3::TcpIllinois,10,13,3,1,4.48e-05,9.41438,66.6667
ns3::TcpIllinois,10,14,3,1,4.48e-05,3.30708,66.6667
ns3::TcpIllinois,10,15,3,1,4.48e-05,7.01223,66.6667
ns3::TcpIllinois,10,16,2,0,0,-nan,100
ns3::TcpIllinois,10,17,2,0,0,-nan,100
ns3::TcpIllinois,10,18,2,0,0,-nan,100
ns3::TcpIllinois,10,19,2,0,0,-nan,100
ns3::TcpIllinois,10,20,2,0,0,-nan,100
ns3::TcpIllinois,10,21,1,0,0,-nan,100
ns3::TcpIllinois,10,22,1,0,0,-nan,100
ns3::TcpIllinois,10,23,1,0,0,-nan,100
ns3::TcpIllinois,10,24,1,0,0,-nan,100
ns3::TcpIllinois,10,25,1,0,0,-nan,100
ns3::TcpIllinois,20,1,3,0,0,-nan,100
ns3::TcpIllinois,20,2,3,1,4.48e-05,3.50618,66.6667
ns3::TcpIllinois,20,3,3,1,4.48e-05,6.91084,66.6667
ns3::TcpIllinois,20,4,3,1,4.48e-05,9.91559,66.6667
ns3::TcpIllinois,20,5,3,1,4.48e-05,7.11126,66.6667
ns3::TcpIllinois,20,6,3,1,4.48e-05,3.10543,66.6667
ns3::TcpIllinois,20,7,3,0,0,-nan,100
ns3::TcpIllinois,20,8,3,0,0,-nan,100
ns3::TcpIllinois,20,9,3,1,4.48e-05,7.41204,66.6667
ns3::TcpIllinois,20,10,3,1,4.48e-05,7.51234,66.6667
ns3::TcpIllinois,20,11,3,1,4.48e-05,3.20592,66.6667
ns3::TcpIllinois,20,12,3,1,4.48e-05,9.6153,66.6667
ns3::TcpIllinois,20,13,3,1,4.48e-05,3.60701,66.6667
ns3::TcpIllinois,20,14,3,0,0,-nan,100
ns3::TcpIllinois,20,15,3,1,4.48e-05,6.61042,66.6667
ns3::TcpIllinois,20,16,2,0,0,-nan,100
ns3::TcpIllinois,20,17,2,0,0,-nan,100
ns3::TcpIllinois,20,18,2,0,0,-nan,100
ns3::TcpIllinois,20,19,2,0,0,-nan,100
ns3::TcpIllinois,20,20,2,0,0,-nan,100
ns3::TcpIllinois,20,21,2,0,0,-nan,100
ns3::TcpIllinois,20,22,1,0,0,-nan,100
ns3::TcpIllinois,20,23,1,0,0,-nan,100
ns3::TcpIllinois,20,24,1,0,0,-nan,100
ns3::TcpIllinois,20,25,1,0,0,-nan,100
ns3::TcpIllinois,20,26,1,0,0,-nan,100
ns3::TcpIllinois,50,1,3,1,4.48e-05,9.81845,66.6667
ns3::TcpIllinois,50,2,3,0,0,-nan,100
ns3::TcpIllinois,50,3,3,1,4.48e-05,7.31366,66.6667
ns3::TcpIllinois,50,4,3,1,4.48e-05,9.91857,66.6667
ns3::TcpIllinois,50,5,3,1,4.48e-05,6.91275,66.6667
ns3::TcpIllinois,50,6,3,0,0,-nan,100
ns3::TcpIllinois,50,7,3,0,0,-nan,100
ns3::TcpIllinois,50,8,3,1,4.48e-05,3.40686,66.6667
ns3::TcpIllinois,50,9,3,1,4.48e-05,7.41385,66.6667
ns3::TcpIllinois,50,10,3,1,4.48e-05,7.01309,66.6667
ns3::TcpIllinois,50,11,3,0,0,-nan,100
ns3::TcpIllinois,50,12,3,1,4.48e-05,3.60731,66.6667
ns3::TcpIllinois,50,13,3,1,4.48e-05,3.20669,66.6667
ns3::TcpIllinois,50,14,3,1,4.48e-05,3.10659,66.6667
ns3::TcpIllinois,50,15,3,1,4.48e-05,7.51428,66.6667
ns3::TcpIllinois,50,16,2,0,0,-nan,100
ns3::TcpIllinois,50,17,2,0,0,-nan,100
ns3::TcpIllinois,50,18,2,0,0,-nan,100
ns3::TcpIllinois,50,19,2,0,0,-nan,100
ns3::TcpIllinois,50,20,2,0,0,-nan,100
ns3::TcpIllinois,50,21,1,0,0,-nan,100
ns3::TcpIllinois,50,22,1,0,0,-nan,100
ns3::TcpIllinois,50,23,1,0,0,-nan,100
ns3::TcpIllinois,50,24,1,0,0,-nan,100
ns3::TcpIllinois,50,25,1,0,0,-nan,100
ns3::TcpIllinois,50,26,1,0,0,-nan,100
ns3::TcpIllinois,100,1,3,0,0,-nan,100
ns3::TcpIllinois,100,2,3,1,4.48e-05,3.60868,66.6667
ns3::TcpIllinois,100,3,3,1,4.48e-05,6.6114,66.6667
ns3::TcpIllinois,100,4,3,1,4.48e-05,9.21673,66.6667
ns3::TcpIllinois,100,5,3,1,4.48e-05,3.10743,66.6667
ns3::TcpIllinois,100,6,3,1,4.48e-05,9.61707,66.6667
ns3::TcpIllinois,100,7,3,1,4.48e-05,6.91169,66.6667
ns3::TcpIllinois,100,8,3,1,4.48e-05,7.01217,66.6667
ns3::TcpIllinois,100,9,3,1,4.48e-05,9.81761,66.6667
ns3::TcpIllinois,100,10,3,1,4.48e-05,3.20791,66.6667
ns3::TcpIllinois,100,11,3,1,4.48e-05,3.40821,66.6667
ns3::TcpIllinois,100,12,3,0,0,-nan,100
ns3::TcpIllinois,100,13,3,1,4.48e-05,7.21294,66.6667
ns3::TcpIllinois,100,14,3,1,4.48e-05,7.41317,66.6667
ns3::TcpIllinois,100,15,3,0,0,-nan,100
ns3::TcpIllinois,100,16,2,0,0,-nan,100
ns3::TcpIllinois,100,17,2,0,0,-nan,100
ns3::TcpIllinois,100,18,2,0,0,-nan,100
ns3::TcpIllinois,100,19,2,0,0,-nan,100
ns3::TcpIllinois,100,20,2,0,0,-nan,100
ns3::TcpIllinois,100,21,2,0,0,-nan,100
ns3::TcpIllinois,100,22,1,0,0,-nan,100
ns3::TcpIllinois,100,23,1,0,0,-nan,100
ns3::TcpIllinois,100,24,1,0,0,-nan,100
ns3::TcpIllinois,100,25,1,0,0,-nan,100
ns3::TcpIllinois,100,26,1,0,0,-nan,100
ns3::TcpIllinois,100,27,1,0,0,-nan,100
ns3::TcpIllinois,200,1,3,1,4.48e-05,7.5146,66.6667
ns3::TcpIllinois,200,2,3,0,0,-nan,100
ns3::TcpIllinois,200,3,3,0,0,-nan,100
ns3::TcpIllinois,200,4,3,1,4.48e-05,3.50693,66.6667
ns3::TcpIllinois,200,5,3,1,4.48e-05,3.60706,66.6667
ns3::TcpIllinois,200,6,3,0,0,-nan,100
ns3::TcpIllinois,200,7,3,1,4.48e-05,3.10603,66.6667
ns3::TcpIllinois,200,8,3,1,4.48e-05,7.81531,66.6667
ns3::TcpIllinois,200,9,3,0,0,-nan,100
ns3::TcpIllinois,200,10,3,0,0,-nan,100
ns3::TcpIllinois,200,11,3,0,0,-nan,100
ns3::TcpIllinois,200,12,3,1,4.48e-05,7.21405,66.6667
ns3::TcpIllinois,200,13,3,1,4.48e-05,3.20611,66.6667
ns3::TcpIllinois,200,14,3,1,4.48e-05,7.11343,66.6667
ns3::TcpIllinois,200,15,3,1,4.48e-05,7.61463,66.6667
ns3::TcpIllinois,200,16,2,0,0,-nan,100
ns3::TcpIllinois,200,17,2,0,0,-nan,100
ns3::TcpIllinois,200,18,2,0,0,-nan,100
ns3::TcpIllinois,200,19,2,0,0,-nan,100
ns3::TcpIllinois,200,20,1,0,0,-nan,100
ns3::TcpIllinois,200,21,1,0,0,-nan,100
ns3::TcpIllinois,200,22,1,0,0,-nan,100
ns3::TcpIllinois,200,23,1,0,0,-nan,100
ns3::TcpIllinois,200,24,1,0,0,-nan,100
ns3::TcpIllinois,500,1,3,1,4.48e-05,6.31015,66.6667
ns3::TcpIllinois,500,2,3,1,4.48e-05,3.10578,66.6667
ns3::TcpIllinois,500,3,3,1,4.48e-05,9.01328,66.6667
ns3::TcpIllinois,500,4,3,1,4.48e-05,6.8108,66.6667
ns3::TcpIllinois,500,5,3,0,0,-nan,100
ns3::TcpIllinois,500,6,3,1,4.48e-05,3.20617,66.6667
ns3::TcpIllinois,500,7,3,1,4.48e-05,9.51392,66.6667
ns3::TcpIllinois,500,8,3,1,4.48e-05,9.7143,66.6667
ns3::TcpIllinois,500,9,3,0,0,-nan,100
ns3::TcpIllinois,500,10,3,1,4.48e-05,3.40625,66.6667
ns3::TcpIllinois,500,11,3,1,4.48e-05,6.10983,66.6667
ns3::TcpIllinois,500,12,3,0,0,-nan,100
ns3::TcpIllinois,500,13,3,1,4.48e-05,3.30618,66.6667
ns3::TcpIllinois,500,14,3,1,4.48e-05,6.91126,66.6667
ns3::TcpIllinois,500,15,3,1,4.48e-05,7.01127,66.6667
ns3::TcpIllinois,500,16,2,0,0,-nan,100
ns3::TcpIllinois,500,17,2,0,0,-nan,100
ns3::TcpIllinois,500,18,2,0,0,-nan,100
ns3::TcpIllinois,500,19,2,0,0,-nan,100
ns3::TcpIllinois,500,20,2,0,0,-nan,100
ns3::TcpIllinois,500,21,2,0,0,-nan,100
ns3::TcpIllinois,500,22,2,0,0,-nan,100
ns3::TcpIllinois,500,23,2,0,0,-nan,100
ns3::TcpIllinois,500,24,1,0,0,-nan,100
ns3::TcpIllinois,500,25,1,0,0,-nan,100
ns3::TcpIllinois,500,26,1,0,0,-nan,100
ns3::TcpIllinois,500,27,1,0,0,-nan,100
ns3::TcpWestwoodPlus,5,1,3,1,4.48e-05,7.51179,66.6667
ns3::TcpWestwoodPlus,5,2,3,1,4.48e-05,6.90989,66.6667
ns3::TcpWestwoodPlus,5,3,3,1,4.48e-05,7.61184,66.6667
ns3::TcpWestwoodPlus,5,4,3,1,4.48e-05,7.01013,66.6667
ns3::TcpWestwoodPlus,5,5,3,1,4.48e-05,3.4045,66.6667
ns3::TcpWestwoodPlus,5,6,3,1,4.48e-05,9.41329,66.6667
ns3::TcpWestwoodPlus,5,7,3,1,4.48e-05,9.91386,66.6667
ns3::TcpWestwoodPlus,5,8,3,1,4.48e-05,3.20442,66.6667
ns3::TcpWestwoodPlus,5,9,3,1,4.48e-05,9.21311,66.6667
ns3::TcpWestwoodPlus,5,10,3,1,4.48e-05,7.4111,66.6667
ns3::TcpWestwoodPlus,5,11,3,1,4.48e-05,3.10442,66.6667
ns3::TcpWestwoodPlus,5,12,3,1,4.48e-05,3.70509,66.6667
ns3::TcpWestwoodPlus,5,13,3,0,0,-nan,100
ns3::TcpWestwoodPlus,5,14,3,1,4.48e-05,9.31323,66.6667
ns3::TcpWestwoodPlus,5,15,3,0,0,-nan,100
ns3::TcpWestwoodPlus,5,16,2,0,0,-nan,100
ns3::TcpWestwoodPlus,5,17,2,0,0,-nan,100
ns3::TcpWestwoodPlus,5,18,2,0,0,-nan,100
ns3::TcpWestwoodPlus,5,19,2,0,0,-nan,100
ns3::TcpWestwoodPlus,5,20,2,0,0,-nan,100
ns3::TcpWestwoodPlus,5,21,1,0,0,-nan,100
ns3::TcpWestwoodPlus,5,22,1,0,0,-nan,100
ns3::TcpWestwoodPlus,5,23,1,0,0,-nan,100
ns3::TcpWestwoodPlus,5,24,1,0,0,-nan,100
ns3::TcpWestwoodPlus,5,25,1,0,0,-nan,100
ns3::TcpWestwoodPlus,5,26,1,0,0,-nan,100
ns3::TcpWestwoodPlus,5,27,1,0,0,-nan,100
ns3::TcpWestwoodPlus,5,28,1,0,0,-nan,100
ns3::TcpWestwoodPlus,10,1,3,2,8.96e-05,5.00931,33.3333
ns3::TcpWestwoodPlus,10,2,3,1,4.48e-05,3.10427,66.6667
ns3::TcpWestwoodPlus,10,3,3,1,4.48e-05,9.31312,66.6667
ns3::TcpWestwoodPlus,10,4,3,1,4.48e-05,6.90964,66.6667
ns3::TcpWestwoodPlus,10,5,3,1,4.48e-05,7.11042,66.6667
ns3::TcpWestwoodPlus,10,6,3,1,4.48e-05,8.71243,66.6667
ns3::TcpWestwoodPlus,10,7,3,1,4.48e-05,8.81272,66.6667
ns3::TcpWestwoodPlus,10,8,3,1,4.48e-05,9.21306,66.6667
ns3::TcpWestwoodPlus,10,9,3,1,4.48e-05,3.40502,66.6667
ns3::TcpWestwoodPlus,10,10,3,1,4.48e-05,6.80961,66.6667
ns3::TcpWestwoodPlus,10,11,3,1,4.48e-05,3.50523,66.6667
ns3::TcpWestwoodPlus,10,12,3,1,4.48e-05,9.71347,66.6667
ns3::TcpWestwoodPlus,10,13,3,0,0,-nan,100
ns3::TcpWestwoodPlus,10,14,3,1,4.48e-05,6.70938,66.6667
ns3::TcpWestwoodPlus,10,15,3,0,0,-nan,100
ns3::TcpWestwoodPlus,10,16,2,0,0,-nan,100
ns3::TcpWestwoodPlus,10,17,3,0,0,-nan,100
ns3::TcpWestwoodPlus,10,18,2,0,0,-nan,100
ns3::TcpWestwoodPlus,10,19,2,0,0,-nan,100
ns3::TcpWestwoodPlus,10,20,2,0,0,-nan,100
ns3::TcpWestwoodPlus,10,21,2,0,0,-nan,100
ns3::TcpWestwoodPlus,10,22,2,0,0,-nan,100
ns3::TcpWestwoodPlus,10,23,1,0,0,-nan,100
ns3::TcpWestwoodPlus,10,24,1,0,0,-nan,100
ns3::TcpWestwoodPlus,10,25,1,0,0,-nan,100
ns3::TcpWestwoodPlus,10,26,1,0,0,-nan,100
ns3::TcpWestwoodPlus,10,27,1,0,0,-nan,100
ns3::TcpWestwoodPlus,10,28,1,0,0,-nan,100
ns3::TcpWestwoodPlus,20,1,3,1,4.48e-05,7.31186,66.6667
ns3::TcpWestwoodPlus,20,2,3,1,4.48e-05,3.10483,66.6667
ns3::TcpWestwoodPlus,20,3,3,1,4.48e-05,3.50597,66.6667
ns3::TcpWestwoodPlus,20,4,3,0,0,-nan,100
ns3::TcpWestwoodPlus,20,5,3,0,0,-nan,100
ns3::TcpWestwoodPlus,20,6,3,1,4.48e-05,9.51434,66.6667
ns3::TcpWestwoodPlus,20,7,3,1,4.48e-05,7.21173,66.6667
ns3::TcpWestwoodPlus,20,8,3,1,4.48e-05,3.70627,66.6667
ns3::TcpWestwoodPlus,20,9,3,1,4.48e-05,7.41196,66.6667
ns3::TcpWestwoodPlus,20,10,3,1,4.48e-05,3.20497,66.6667
ns3::TcpWestwoodPlus,20,11,3,1,4.48e-05,7.7122,66.6667
ns3::TcpWestwoodPlus,20,12,3,1,4.48e-05,9.7144,66.6667
ns3::TcpWestwoodPlus,20,13,3,1,4.48e-05,7.11144,66.6667
ns3::TcpWestwoodPlus,20,14,3,1,4.48e-05,9.81441,66.6667
ns3::TcpWestwoodPlus,20,15,3,0,0,-nan,100
ns3::TcpWestwoodPlus,20,16,2,0,0,-nan,100
ns3::TcpWestwoodPlus,20,17,2,0,0,-nan,100
ns3::TcpWestwoodPlus,20,18,2,0,0,-nan,100
ns3::TcpWestwoodPlus,20,19,2,0,0,-nan,100
ns3::TcpWestwoodPlus,20,20,1,0,0,-nan,100
ns3::TcpWestwoodPlus,20,21,1,0,0,-nan,100
ns3::TcpWestwoodPlus,20,22,1,0,0,-nan,100
ns3::TcpWestwoodPlus,20,23,1,0,0,-nan,100
ns3::TcpWestwoodPlus,20,24,1,0,0,-nan,100
ns3::TcpWestwoodPlus,20,25,1,0,0,-nan,100
ns3::TcpWestwoodPlus,20,26,1,0,0,-nan,100
ns3::TcpWestwoodPlus,20,27,1,0,0,-nan,100
ns3::TcpWestwoodPlus,50,1,3,2,8.96e-05,4.95921,33.3333
ns3::TcpWestwoodPlus,50,2,3,1,4.48e-05,9.11256,66.6667
ns3::TcpWestwoodPlus,50,3,3,1,4.48e-05,9.51281,66.6667
ns3::TcpWestwoodPlus,50,4,3,1,4.48e-05,3.30633,66.6667
ns3::TcpWestwoodPlus,50,5,3,1,4.48e-05,7.01018,66.6667
ns3::TcpWestwoodPlus,50,6,3,0,0,-nan,100
ns3::TcpWestwoodPlus,50,7,3,1,4.48e-05,9.61297,66.6667
ns3::TcpWestwoodPlus,50,8,3,1,4.48e-05,7.31054,66.6667
ns3::TcpWestwoodPlus,50,9,3,1,4.48e-05,8.81216,66.6667
ns3::TcpWestwoodPlus,50,10,3,1,4.48e-05,3.20616,66.6667
ns3::TcpWestwoodPlus,50,11,3,1,4.48e-05,6.70967,66.6667
ns3::TcpWestwoodPlus,50,12,3,1,4.48e-05,9.71306,66.6667
ns3::TcpWestwoodPlus,50,13,3,1,4.48e-05,6.81,66.6667
ns3::TcpWestwoodPlus,50,14,3,1,4.48e-05,3.40644,66.6667
ns3::TcpWestwoodPlus,50,15,3,0,0,-nan,100
ns3::TcpWestwoodPlus,50,16,3,0,0,-nan,100
ns3::TcpWestwoodPlus,50,17,2,0,0,-nan,100
ns3::TcpWestwoodPlus,50,18,2,0,0,-nan,100
ns3::TcpWestwoodPlus,50,19,2,0,0,-nan,100
ns3::TcpWestwoodPlus,50,20,2,0,0,-nan,100
ns3::TcpWestwoodPlus,50,21,2,0,0,-nan,100
ns3::TcpWestwoodPlus,50,22,1,0,0,-nan,100
ns3::TcpWestwoodPlus,50,23,1,0,0,-nan,100
ns3::TcpWestwoodPlus,50,24,1,0,0,-nan,100
ns3::TcpWestwoodPlus,50,25,1,0,0,-nan,100
ns3::TcpWestwoodPlus,50,26,1,0,0,-nan,100
ns3::TcpWestwoodPlus,50,27,1,0,0,-nan,100
ns3::TcpWestwoodPlus,50,28,1,0,0,-nan,100
ns3::TcpWestwoodPlus,100,1,3,1,4.48e-05,7.30996,66.6667
ns3::TcpWestwoodPlus,100,2,3,1,4.48e-05,3.70624,66.6667
ns3::TcpWestwoodPlus,100,3,3,1,4.48e-05,9.81351,66.6667
ns3::TcpWestwoodPlus,100,4,3,1,4.48e-05,6.80891,66.6667
ns3::TcpWestwoodPlus,100,5,3,1,4.48e-05,6.90906,66.6667
ns3::TcpWestwoodPlus,100,6,3,1,4.48e-05,3.10518,66.6667
ns3::TcpWestwoodPlus,100,7,3,0,0,-nan,100
ns3::TcpWestwoodPlus,100,8,3,1,4.48e-05,3.20537,66.6667
ns3::TcpWestwoodPlus,100,9,3,1,4.48e-05,7.40998,66.6667
ns3::TcpWestwoodPlus,100,10,3,0,0,-nan,100
ns3::TcpWestwoodPlus,100,11,3,0,0,-nan,100
ns3::TcpWestwoodPlus,100,12,3,0,0,-nan,100
ns3::TcpWestwoodPlus,100,13,3,0,0,-nan,100
ns3::TcpWestwoodPlus,100,14,3,1,4.48e-05,3.50597,66.6667
ns3::TcpWestwoodPlus,100,15,3,1,4.48e-05,7.51014,66.6667
ns3::TcpWestwoodPlus,100,16,2,0,0,-nan,100
ns3::TcpWestwoodPlus,100,17,2,0,0,-nan,100
ns3::TcpWestwoodPlus,100,18,2,0,0,-nan,100
ns3::TcpWestwoodPlus,100,19,2,0,0,-nan,100
ns3::TcpWestwoodPlus,100,20,2,0,0,-nan,100
ns3::TcpWestwoodPlus,100,21,2,0,0,-nan,100
ns3::TcpWestwoodPlus,100,22,1,0,0,-nan,100
ns3::TcpWestwoodPlus,100,23,1,0,0,-nan,100
ns3::TcpWestwoodPlus,100,24,1,0,0,-nan,100
ns3::TcpWestwoodPlus,100,25,1,0,0,-nan,100
ns3::TcpWestwoodPlus,200,1,3,1,4.48e-05,3.10734,66.6667
ns3::TcpWestwoodPlus,200,2,3,1,4.48e-05,9.71653,66.6667
ns3::TcpWestwoodPlus,200,3,3,1,4.48e-05,7.21265,66.6667
ns3::TcpWestwoodPlus,200,4,3,1,4.48e-05,9.11592,66.6667
ns3::TcpWestwoodPlus,200,5,3,1,4.48e-05,7.31287,66.6667
ns3::TcpWestwoodPlus,200,6,3,1,4.48e-05,6.71213,66.6667
ns3::TcpWestwoodPlus,200,7,3,1,4.48e-05,9.01549,66.6667
ns3::TcpWestwoodPlus,200,8,3,1,4.48e-05,3.20772,66.6667
ns3::TcpWestwoodPlus,200,9,3,0,0,-nan,100
ns3::TcpWestwoodPlus,200,10,3,1,4.48e-05,7.01249,66.6667
ns3::TcpWestwoodPlus,200,11,3,1,4.48e-05,6.9124,66.6667
ns3::TcpWestwoodPlus,200,12,3,1,4.48e-05,3.50827,66.6667
ns3::TcpWestwoodPlus,200,13,3,1,4.48e-05,9.61616,66.6667
ns3::TcpWestwoodPlus,200,14,3,0,0,-nan,100
ns3::TcpWestwoodPlus,200,15,3,1,4.48e-05,3.60842,66.6667
ns3::TcpWestwoodPlus,200,16,2,0,0,-nan,100
ns3::TcpWestwoodPlus,200,17,2,0,0,-nan,100
ns3::TcpWestwoodPlus,200,18,2,0,0,-nan,100
ns3::TcpWestwoodPlus,200,19,2,0,0,-nan,100
ns3::TcpWestwoodPlus,200,20,2,0,0,-nan,100
ns3::TcpWestwoodPlus,200,21,2,0,0,-nan,100
ns3::TcpWestwoodPlus,200,22,1,0,0,-nan,100
ns3::TcpWestwoodPlus,200,23,1,0,0,-nan,100
ns3::TcpWestwoodPlus,200,24,1,0,0,-nan,100
ns3::TcpWestwoodPlus,200,25,1,0,0,-nan,100
ns3::TcpWestwoodPlus,200,26,1,0,0,-nan,100
ns3::TcpWestwoodPlus,200,27,1,0,0,-nan,100
ns3::TcpWestwoodPlus,200,28,1,0,0,-nan,100
ns3::TcpWestwoodPlus,500,1,3,0,0,-nan,100
ns3::TcpWestwoodPlus,500,2,3,1,4.48e-05,7.61312,66.6667
ns3::TcpWestwoodPlus,500,3,3,1,4.48e-05,3.30658,66.6667
ns3::TcpWestwoodPlus,500,4,3,0,0,-nan,100
ns3::TcpWestwoodPlus,500,5,3,1,4.48e-05,3.50691,66.6667
ns3::TcpWestwoodPlus,500,6,3,1,4.48e-05,3.20621,66.6667
ns3::TcpWestwoodPlus,500,7,3,1,4.48e-05,9.61551,66.6667
ns3::TcpWestwoodPlus,500,8,3,1,4.48e-05,3.10545,66.6667
ns3::TcpWestwoodPlus,500,9,3,1,4.48e-05,6.81127,66.6667
ns3::TcpWestwoodPlus,500,10,3,1,4.48e-05,7.11175,66.6667
ns3::TcpWestwoodPlus,500,11,3,1,4.48e-05,9.71564,66.6667
ns3::TcpWestwoodPlus,500,12,3,0,0,-nan,100
ns3::TcpWestwoodPlus,500,13,3,1,4.48e-05,6.9114,66.6667
ns3::TcpWestwoodPlus,500,14,3,0,0,-nan,100
ns3::TcpWestwoodPlus,500,15,3,1,4.48e-05,7.21228,66.6667
ns3::TcpWestwoodPlus,500,16,2,0,0,-nan,100
ns3::TcpWestwoodPlus,500,17,2,0,0,-nan,100
ns3::TcpWestwoodPlus,500,18,2,0,0,-nan,100
ns3::TcpWestwoodPlus,500,19,2,0,0,-nan,100
ns3::TcpWestwoodPlus,500,20,2,0,0,-nan,100
ns3::TcpWestwoodPlus,500,21,2,0,0,-nan,100
ns3::TcpWestwoodPlus,500,22,1,0,0,-nan,100
ns3::TcpWestwoodPlus,500,23,1,0,0,-nan,100
ns3::TcpWestwoodPlus,500,24,1,0,0,-nan,100
ns3::TcpWestwoodPlus,500,25,1,0,0,-nan,100
ns3::TcpWestwoodPlus,500,26,1,0,0,-nan,100
ns3::TcpNewReno,5,1,3,0,0,-nan,100
ns3::TcpNewReno,5,2,3,1,4.48e-05,9.91703,66.6667
ns3::TcpNewReno,5,3,3,1,4.48e-05,3.50837,66.6667
ns3::TcpNewReno,5,4,3,1,4.48e-05,7.11276,66.6667
ns3::TcpNewReno,5,5,3,1,4.48e-05,7.213,66.6667
ns3::TcpNewReno,5,6,3,1,4.48e-05,3.10647,66.6667
ns3::TcpNewReno,5,7,3,1,4.48e-05,7.61381,66.6667
ns3::TcpNewReno,5,8,3,1,4.48e-05,7.7141,66.6667
ns3::TcpNewReno,5,9,3,0,0,-nan,100
ns3::TcpNewReno,5,10,3,1,4.48e-05,7.01213,66.6667
ns3::TcpNewReno,5,11,3,0,0,-nan,100
ns3::TcpNewReno,5,12,3,1,4.48e-05,9.61677,66.6667
ns3::TcpNewReno,5,13,3,1,4.48e-05,3.20721,66.6667
ns3::TcpNewReno,5,14,3,1,4.48e-05,9.51676,66.6667
ns3::TcpNewReno,5,15,3,1,4.48e-05,3.60911,66.6667
ns3::TcpNewReno,5,16,2,0,0,-nan,100
ns3::TcpNewReno,5,17,2,0,0,-nan,100
ns3::TcpNewReno,5,18,2,0,0,-nan,100
ns3::TcpNewReno,5,19,2,0,0,-nan,100
ns3::TcpNewReno,5,20,1,0,0,-nan,100
ns3::TcpNewReno,5,21,1,0,0,-nan,100
ns3::TcpNewReno,5,22,1,0,0,-nan,100
ns3::TcpNewReno,5,23,1,0,0,-nan,100
ns3::TcpNewReno,5,24,1,0,0,-nan,100
ns3::TcpNewReno,5,25,1,0,0,-nan,100
ns3::TcpNewReno,5,26,1,0,0,-nan,100
ns3::TcpNewReno,5,27,1,0,0,-nan,100
ns3::TcpNewReno,10,1,3,1,4.48e-05,3.10508,66.6667
ns3::TcpNewReno,10,2,3,1,4.48e-05,7.81214,66.6667
ns3::TcpNewReno,10,3,3,1,4.48e-05,3.30588,66.6667
ns3::TcpNewReno,10,4,3,1,4.48e-05,9.81477,66.6667
ns3::TcpNewReno,10,5,3,1,4.48e-05,3.20526,66.6667
ns3::TcpNewReno,10,6,3,0,0,-nan,100
ns3::TcpNewReno,10,7,3,1,4.48e-05,3.50628,66.6667
ns3::TcpNewReno,10,8,3,1,4.48e-05,7.31157,66.6667
ns3::TcpNewReno,10,9,3,0,0,-nan,100
ns3::TcpNewReno,10,10,3,0,0,-nan,100
ns3::TcpNewReno,10,11,3,1,4.48e-05,9.91505,66.6667
ns3::TcpNewReno,10,12,3,1,4.48e-05,9.51413,66.6667
ns3::TcpNewReno,10,13,3,1,4.48e-05,7.11078,66.6667
ns3::TcpNewReno,10,14,3,1,4.48e-05,7.61213,66.6667
ns3::TcpNewReno,10,15,3,1,4.48e-05,7.2115,66.6667
ns3::TcpNewReno,10,16,2,0,0,-nan,100
ns3::TcpNewReno,10,17,2,0,0,-nan,100
ns3::TcpNewReno,10,18,2,0,0,-nan,100
ns3::TcpNewReno,10,19,2,0,0,-nan,100
ns3::TcpNewReno,10,20,1,0,0,-nan,100
ns3::TcpNewReno,10,21,1,0,0,-nan,100
ns3::TcpNewReno,10,22,1,0,0,-nan,100
ns3::TcpNewReno,10,23,1,0,0,-nan,100
ns3::TcpNewReno,10,24,1,0,0,-nan,100
ns3::TcpNewReno,10,25,1,0,0,-nan,100
ns3::TcpNewReno,10,26,1,0,0,-nan,100
ns3::TcpNewReno,10,27,1,0,0,-nan,100
ns3::TcpNewReno,20,1,3,1,4.48e-05,7.11218,66.6667
ns3::TcpNewReno,20,2,3,1,4.48e-05,3.20698,66.6667
ns3::TcpNewReno,20,3,3,1,4.48e-05,6.8112,66.6667
ns3::TcpNewReno,20,4,3,0,0,-nan,100
ns3::TcpNewReno,20,5,3,0,0,-nan,100
ns3::TcpNewReno,20,6,3,1,4.48e-05,3.40735,66.6667
ns3::TcpNewReno,20,7,3,0,0,-nan,100
ns3::TcpNewReno,20,8,3,1,4.48e-05,9.21529,66.6667
ns3::TcpNewReno,20,9,3,0,0,-nan,100
ns3::TcpNewReno,20,10,3,1,4.48e-05,3.10637,66.6667
ns3::TcpNewReno,20,11,3,1,4.48e-05,6.41088,66.6667
ns3::TcpNewReno,20,12,3,1,4.48e-05,7.31281,66.6667
ns3::TcpNewReno,20,13,3,1,4.48e-05,9.61572,66.6667
ns3::TcpNewReno,20,14,3,1,4.48e-05,3.50784,66.6667
ns3::TcpNewReno,20,15,3,1,4.48e-05,7.41338,66.6667
ns3::TcpNewReno,20,16,2,0,0,-nan,100
ns3::TcpNewReno,20,17,2,0,0,-nan,100
ns3::TcpNewReno,20,18,2,0,0,-nan,100
ns3::TcpNewReno,20,19,2,0,0,-nan,100
ns3::TcpNewReno,20,20,2,0,0,-nan,100
ns3::TcpNewReno,20,21,2,0,0,-nan,100
ns3::TcpNewReno,20,22,1,0,0,-nan,100
ns3::TcpNewReno,20,23,1,0,0,-nan,100
ns3::TcpNewReno,20,24,1,0,0,-nan,100
ns3::TcpNewReno,20,25,1,0,0,-nan,100
ns3::TcpNewReno,20,26,1,0,0,-nan,100
ns3::TcpNewReno,50,1,3,1,4.48e-05,6.60854,66.6667
ns3::TcpNewReno,50,2,3,1,4.48e-05,7.00923,66.6667
ns3::TcpNewReno,50,3,3,1,4.48e-05,7.21,66.6667
ns3::TcpNewReno,50,4,3,0,0,-nan,100
ns3::TcpNewReno,50,5,3,1,4.48e-05,7.41015,66.6667
ns3::TcpNewReno,50,6,3,0,0,-nan,100
ns3::TcpNewReno,50,7,3,1,4.48e-05,9.61283,66.6667
ns3::TcpNewReno,50,8,3,1,4.48e-05,9.71284,66.6667
ns3::TcpNewReno,50,9,3,1,4.48e-05,3.10343,66.6667
ns3::TcpNewReno,50,10,3,1,4.48e-05,7.10937,66.6667
ns3::TcpNewReno,50,11,3,1,4.48e-05,3.50467,66.6667
ns3::TcpNewReno,50,12,3,1,4.48e-05,3.40453,66.6667
ns3::TcpNewReno,50,13,3,1,4.48e-05,3.20411,66.6667
ns3::TcpNewReno,50,14,3,0,0,-nan,100
ns3::TcpNewReno,50,15,3,0,0,-nan,100
ns3::TcpNewReno,50,16,2,0,0,-nan,100
ns3::TcpNewReno,50,17,2,0,0,-nan,100
ns3::TcpNewReno,50,18,2,0,0,-nan,100
ns3::TcpNewReno,50,19,2,0,0,-nan,100
ns3::TcpNewReno,50,20,2,0,0,-nan,100
ns3::TcpNewReno,50,21,1,0,0,-nan,100
ns3::TcpNewReno,50,22,1,0,0,-nan,100
ns3::TcpNewReno,50,23,1,0,0,-nan,100
ns3::TcpNewReno,50,24,1,0,0,-nan,100
ns3::TcpNewReno,50,25,1,0,0,-nan,100
ns3::TcpNewReno,50,26,1,0,0,-nan,100
ns3::TcpNewReno,100,1,3,1,4.48e-05,6.90906,66.6667
ns3::TcpNewReno,100,2,3,1,4.48e-05,7.00934,66.6667
ns3::TcpNewReno,100,3,3,0,0,-nan,100
ns3::TcpNewReno,100,4,3,1,4.48e-05,3.10368,66.6667
ns3::TcpNewReno,100,5,3,0,0,-nan,100
ns3::TcpNewReno,100,6,3,1,4.48e-05,7.31,66.6667
ns3::TcpNewReno,100,7,3,1,4.48e-05,7.10955,66.6667
ns3::TcpNewReno,100,8,3,1,4.48e-05,3.20408,66.6667
ns3::TcpNewReno,100,9,3,1,4.48e-05,9.81353,66.6667
ns3::TcpNewReno,100,10,3,0,0,-nan,100
ns3::TcpNewReno,100,11,3,1,4.48e-05,7.7103,66.6667
ns3::TcpNewReno,100,12,3,1,4.48e-05,3.40453,66.6667
ns3::TcpNewReno,100,13,3,1,4.48e-05,9.7135,66.6667
ns3::TcpNewReno,100,14,3,0,0,-nan,100
ns3::TcpNewReno,100,15,3,1,4.48e-05,3.60474,66.6667
ns3::TcpNewReno,100,16,2,0,0,-nan,100
ns3::TcpNewReno,100,17,2,0,0,-nan,100
ns3::TcpNewReno,100,18,2,0,0,-nan,100
ns3::TcpNewReno,100,19,2,0,0,-nan,100
ns3::TcpNewReno,100,20,2,0,0,-nan,100
ns3::TcpNewReno,100,21,1,0,0,-nan,100
ns3::TcpNewReno,100,22,1,0,0,-nan,100
ns3::TcpNewReno,100,23,1,0,0,-nan,100
ns3::TcpNewReno,100,24,1,0,0,-nan,100
ns3::TcpNewReno,100,25,1,0,0,-nan,100
ns3::TcpNewReno,100,26,1,0,0,-nan,100
ns3::TcpNewReno,200,1,3,1,4.48e-05,9.71528,66.6667
ns3::TcpNewReno,200,2,3,1,4.48e-05,9.81532,66.6667
ns3::TcpNewReno,200,3,3,1,4.48e-05,7.11153,66.6667
ns3::TcpNewReno,200,4,3,1,4.48e-05,3.40703,66.6667
ns3::TcpNewReno,200,5,3,1,4.48e-05,6.81088,66.6667
ns3::TcpNewReno,200,6,3,1,4.48e-05,6.51062,66.6667
ns3::TcpNewReno,200,7,3,0,0,-nan,100
ns3::TcpNewReno,200,8,3,1,4.48e-05,3.10647,66.6667
ns3::TcpNewReno,200,9,3,1,4.48e-05,7.2117,66.6667
ns3::TcpNewReno,200,10,3,1,4.48e-05,6.61067,66.6667
ns3::TcpNewReno,200,11,3,1,4.48e-05,9.11387,66.6667
ns3::TcpNewReno,200,12,3,1,4.48e-05,3.20671,66.6667
ns3::TcpNewReno,200,13,3,1,4.48e-05,3.50716,66.6667
ns3::TcpNewReno,200,14,3,0,0,-nan,100
ns3::TcpNewReno,200,15,3,1,4.48e-05,9.51465,66.6667
ns3::TcpNewReno,200,16,2,0,0,-nan,100
ns3::TcpNewReno,200,17,2,0,0,-nan,100
ns3::TcpNewReno,200,18,2,0,0,-nan,100
ns3::TcpNewReno,200,19,2,0,0,-nan,100
ns3::TcpNewReno,200,20,2,0,0,-nan,100
ns3::TcpNewReno,200,21,2,0,0,-nan,100
ns3::TcpNewReno,200,22,2,0,0,-nan,100
ns3::TcpNewReno,200,23,1,0,0,-nan,100
ns3::TcpNewReno,200,24,1,0,0,-nan,100
ns3::TcpNewReno,200,25,1,0,0,-nan,100
ns3::TcpNewReno,200,26,1,0,0,-nan,100
ns3::TcpNewReno,200,27,1,0,0,-nan,100
ns3::TcpNewReno,200,28,1,0,0,-nan,100
ns3::TcpNewReno,500,1,3,1,4.48e-05,7.21466,66.6667
ns3::TcpNewReno,500,2,3,1,4.48e-05,7.61553,66.6667
ns3::TcpNewReno,500,3,3,1,4.48e-05,3.50782,66.6667
ns3::TcpNewReno,500,4,3,0,0,-nan,100
ns3::TcpNewReno,500,5,3,0,0,-nan,100
ns3::TcpNewReno,500,6,3,0,0,-nan,100
ns3::TcpNewReno,500,7,3,1,4.48e-05,7.71605,66.6667
ns3::TcpNewReno,500,8,3,1,4.48e-05,7.91632,66.6667
ns3::TcpNewReno,500,9,3,0,0,-nan,100
ns3::TcpNewReno,500,10,3,1,4.48e-05,3.10657,66.6667
ns3::TcpNewReno,500,11,3,0,0,-nan,100
ns3::TcpNewReno,500,12,3,1,4.48e-05,3.60823,66.6667
ns3::TcpNewReno,500,13,3,0,0,-nan,100
ns3::TcpNewReno,500,14,3,1,4.48e-05,3.20674,66.6667
ns3::TcpNewReno,500,15,3,1,4.48e-05,7.41526,66.6667
ns3::TcpNewReno,500,16,2,0,0,-nan,100
ns3::TcpNewReno,500,17,2,0,0,-nan,100
ns3::TcpNewReno,500,18,2,0,0,-nan,100
ns3::TcpNewReno,500,19,2,0,0,-nan,100
ns3::TcpNewReno,500,20,1,0,0,-nan,100
ns3::TcpNewReno,500,21,1,0,0,-nan,100
ns3::TcpNewReno,500,22,1,0,0,-nan,100
ns3::TcpNewReno,500,23,1,0,0,-nan,100
ns3::TcpNewReno,500,24,1,0,0,-nan,100
ns3::TcpVegas,5,1,3,0,0,-nan,100
ns3::TcpVegas,5,2,3,1,4.48e-05,3.10457,66.6667
ns3::TcpVegas,5,3,3,1,4.48e-05,3.20506,66.6667
ns3::TcpVegas,5,4,3,1,4.48e-05,7.0124,66.6667
ns3::TcpVegas,5,5,3,1,4.48e-05,9.71799,66.6667
ns3::TcpVegas,5,6,3,1,4.48e-05,7.21283,66.6667
ns3::TcpVegas,5,7,3,1,4.48e-05,9.81811,66.6667
ns3::TcpVegas,5,8,3,1,4.48e-05,7.51379,66.6667
ns3::TcpVegas,5,9,3,1,4.48e-05,3.50628,66.6667
ns3::TcpVegas,5,10,3,1,4.48e-05,9.21731,66.6667
ns3::TcpVegas,5,11,3,0,0,-nan,100
ns3::TcpVegas,5,12,3,1,4.48e-05,7.11263,66.6667
ns3::TcpVegas,5,13,3,1,4.48e-05,7.61433,66.6667
ns3::TcpVegas,5,14,3,1,4.48e-05,9.91822,66.6667
ns3::TcpVegas,5,15,3,1,4.48e-05,3.60645,66.6667
ns3::TcpVegas,5,16,2,0,0,-nan,100
ns3::TcpVegas,5,17,2,0,0,-nan,100
ns3::TcpVegas,5,18,2,0,0,-nan,100
ns3::TcpVegas,5,19,2,0,0,-nan,100
ns3::TcpVegas,5,20,1,0,0,-nan,100
ns3::TcpVegas,5,21,1,0,0,-nan,100
ns3::TcpVegas,5,22,1,0,0,-nan,100
ns3::TcpVegas,5,23,1,0,0,-nan,100
ns3::TcpVegas,5,24,1,0,0,-nan,100
ns3::TcpVegas,5,25,1,0,0,-nan,100
ns3::TcpVegas,5,26,1,0,0,-nan,100
ns3::TcpVegas,5,27,1,0,0,-nan,100
ns3::TcpVegas,5,28,1,0,0,-nan,100
ns3::TcpVegas,10,1,3,1,4.48e-05,6.61123,66.6667
ns3::TcpVegas,10,2,3,1,4.48e-05,7.01184,66.6667
ns3::TcpVegas,10,3,3,1,4.48e-05,7.31226,66.6667
ns3::TcpVegas,10,4,3,1,4.48e-05,7.41249,66.6667
ns3::TcpVegas,10,5,3,1,4.48e-05,9.41464,66.6667
ns3::TcpVegas,10,6,3,1,4.48e-05,3.10604,66.6667
ns3::TcpVegas,10,7,3,1,4.48e-05,3.50673,66.6667
ns3::TcpVegas,10,8,3,1,4.48e-05,9.31451,66.6667
ns3::TcpVegas,10,9,3,1,4.48e-05,9.71471,66.6667
ns3::TcpVegas,10,10,3,0,0,-nan,100
ns3::TcpVegas,10,11,3,1,4.48e-05,6.91166,66.6667
ns3::TcpVegas,10,12,3,1,4.48e-05,3.20624,66.6667
ns3::TcpVegas,10,13,3,0,0,-nan,100
ns3::TcpVegas,10,14,3,1,4.48e-05,3.40657,66.6667
ns3::TcpVegas,10,15,3,0,0,-nan,100
ns3::TcpVegas,10,16,2,0,0,-nan,100
ns3::TcpVegas,10,17,2,0,0,-nan,100
ns3::TcpVegas,10,18,2,0,0,-nan,100
ns3::TcpVegas,10,19,2,0,0,-nan,100
ns3::TcpVegas,10,20,2,0,0,-nan,100
ns3::TcpVegas,10,21,2,0,0,-nan,100
ns3::TcpVegas,10,22,1,0,0,-nan,100
ns3::TcpVegas,10,23,1,0,0,-nan,100
ns3::TcpVegas,10,24,1,0,0,-nan,100
ns3::TcpVegas,10,25,1,0,0,-nan,100
ns3::TcpVegas,10,26,1,0,0,-nan,100
ns3::TcpVegas,10,27,1,0,0,-nan,100
ns3::TcpVegas,20,1,3,1,4.48e-05,7.00964,66.6667
ns3::TcpVegas,20,2,3,0,0,-nan,100
ns3::TcpVegas,20,3,3,1,4.48e-05,9.51247,66.6667
ns3::TcpVegas,20,4,3,1,4.48e-05,8.91169,66.6667
ns3::TcpVegas,20,5,3,1,4.48e-05,3.40581,66.6667
ns3::TcpVegas,20,6,3,1,4.48e-05,6.80949,66.6667
ns3::TcpVegas,20,7,3,1,4.48e-05,9.31208,66.6667
ns3::TcpVegas,20,8,3,1,4.48e-05,3.70631,66.6667
ns3::TcpVegas,20,9,3,1,4.48e-05,6.9096,66.6667
ns3::TcpVegas,20,10,3,1,4.48e-05,3.20511,66.6667
ns3::TcpVegas,20,11,3,1,4.48e-05,9.81272,66.6667
ns3::TcpVegas,20,12,3,1,4.48e-05,6.60875,66.6667
ns3::TcpVegas,20,13,3,0,0,-nan,100
ns3::TcpVegas,20,14,3,1,4.48e-05,7.10985,66.6667
ns3::TcpVegas,20,15,3,1,4.48e-05,3.10505,66.6667
ns3::TcpVegas,20,16,2,0,0,-nan,100
ns3::TcpVegas,20,17,2,0,0,-nan,100
ns3::TcpVegas,20,18,2,0,0,-nan,100
ns3::TcpVegas,20,19,2,0,0,-nan,100
ns3::TcpVegas,20,20,2,0,0,-nan,100
ns3::TcpVegas,20,21,2,0,0,-nan,100
ns3::TcpVegas,20,22,2,0,0,-nan,100
ns3::TcpVegas,20,23,1,0,0,-nan,100
ns3::TcpVegas,20,24,1,0,0,-nan,100
ns3::TcpVegas,20,25,1,0,0,-nan,100
ns3::TcpVegas,20,26,1,0,0,-nan,100
ns3::TcpVegas,20,27,1,0,0,-nan,100
ns3::TcpVegas,20,28,1,0,0,-nan,100
ns3::TcpVegas,50,1,3,1,4.48e-05,7.01176,66.6667
ns3::TcpVegas,50,2,3,1,4.48e-05,6.81161,66.6667
ns3::TcpVegas,50,3,3,1,4.48e-05,3.1056,66.6667
ns3::TcpVegas,50,4,3,1,4.48e-05,8.91338,66.6667
ns3::TcpVegas,50,5,3,1,4.48e-05,9.21418,66.6667
ns3::TcpVegas,50,6,3,1,4.48e-05,9.61429,66.6667
ns3::TcpVegas,50,7,3,1,4.48e-05,3.70686,66.6667
ns3::TcpVegas,50,8,3,1,4.48e-05,9.71433,66.6667
ns3::TcpVegas,50,9,3,0,0,-nan,100
ns3::TcpVegas,50,10,3,1,4.48e-05,3.20572,66.6667
ns3::TcpVegas,50,11,3,0,0,-nan,100
ns3::TcpVegas,50,12,3,1,4.48e-05,6.61142,66.6667
ns3::TcpVegas,50,13,3,1,4.48e-05,6.91174,66.6667
ns3::TcpVegas,50,14,3,1,4.48e-05,3.30597,66.6667
ns3::TcpVegas,50,15,3,1,4.48e-05,6.71151,66.6667
ns3::TcpVegas,50,16,2,0,0,-nan,100
ns3::TcpVegas,50,17,2,0,0,-nan,100
ns3::TcpVegas,50,18,2,0,0,-nan,100
ns3::TcpVegas,50,19,2,0,0,-nan,100
ns3::TcpVegas,50,20,2,0,0,-nan,100
ns3::TcpVegas,50,21,2,0,0,-nan,100
ns3::TcpVegas,50,22,2,0,0,-nan,100
ns3::TcpVegas,50,23,2,0,0,-nan,100
ns3::TcpVegas,50,24,1,0,0,-nan,100
ns3::TcpVegas,50,25,1,0,0,-nan,100
ns3::TcpVegas,50,26,1,0,0,-nan,100
ns3::TcpVegas,50,27,1,0,0,-nan,100
ns3::TcpVegas,50,28,1,0,0,-nan,100
ns3::TcpVegas,100,1,3,0,0,-nan,100
ns3::TcpVegas,100,2,3,1,4.48e-05,7.41098,66.6667
ns3::TcpVegas,100,3,3,1,4.48e-05,7.71122,66.6667
ns3::TcpVegas,100,4,3,1,4.48e-05,9.61364,66.6667
ns3::TcpVegas,100,5,3,1,4.48e-05,6.90979,66.6667
ns3::TcpVegas,100,6,3,1,4.48e-05,3.20376,66.6667
ns3::TcpVegas,100,7,3,1,4.48e-05,9.81393,66.6667
ns3::TcpVegas,100,8,3,1,4.48e-05,7.00988,66.6667
ns3::TcpVegas,100,9,3,0,0,-nan,100
ns3::TcpVegas,100,10,3,1,4.48e-05,3.50457,66.6667
ns3::TcpVegas,100,11,3,1,4.48e-05,3.10371,66.6667
ns3::TcpVegas,100,12,3,0,0,-nan,100
ns3::TcpVegas,100,13,3,1,4.48e-05,3.60537,66.6667
ns3::TcpVegas,100,14,3,1,4.48e-05,7.3104,66.6667
ns3::TcpVegas,100,15,3,0,0,-nan,100
ns3::TcpVegas,100,16,2,0,0,-nan,100
ns3::TcpVegas,100,17,2,0,0,-nan,100
ns3::TcpVegas,100,18,2,0,0,-nan,100
ns3::TcpVegas,100,19,2,0,0,-nan,100
ns3::TcpVegas,100,20,2,0,0,-nan,100
ns3::TcpVegas,100,21,1,0,0,-nan,100
ns3::TcpVegas,100,22,1,0,0,-nan,100
ns3::TcpVegas,100,23,1,0,0,-nan,100
ns3::TcpVegas,100,24,1,0,0,-nan,100
ns3::TcpVegas,100,25,1,0,0,-nan,100
ns3::TcpVegas,100,26,1,0,0,-nan,100
ns3::TcpVegas,200,1,3,1,4.48e-05,9.41433,66.6667
ns3::TcpVegas,200,2,3,1,4.48e-05,6.20961,66.6667
ns3::TcpVegas,200,3,3,1,4.48e-05,3.10472,66.6667
ns3::TcpVegas,200,4,3,1,4.48e-05,9.81459,66.6667
ns3::TcpVegas,200,5,3,0,0,-nan,100
ns3::TcpVegas,200,6,3,1,4.48e-05,6.91102,66.6667
ns3::TcpVegas,200,7,3,1,4.48e-05,7.11124,66.6667
ns3::TcpVegas,200,8,3,1,4.48e-05,6.81089,66.6667
ns3::TcpVegas,200,9,3,1,4.48e-05,3.305,66.6667
ns3::TcpVegas,200,10,3,1,4.48e-05,3.20499,66.6667
ns3::TcpVegas,200,11,3,1,4.48e-05,9.11389,66.6667
ns3::TcpVegas,200,12,3,1,4.48e-05,3.40516,66.6667
ns3::TcpVegas,200,13,3,1,4.48e-05,9.31418,66.6667
ns3::TcpVegas,200,14,3,0,0,-nan,100
ns3::TcpVegas,200,15,3,0,0,-nan,100
ns3::TcpVegas,200,16,2,0,0,-nan,100
ns3::TcpVegas,200,17,2,0,0,-nan,100
ns3::TcpVegas,200,18,2,0,0,-nan,100
ns3::TcpVegas,200,19,2,0,0,-nan,100
ns3::TcpVegas,200,20,2,0,0,-nan,100
ns3::TcpVegas,200,21,2,0,0,-nan,100
ns3::TcpVegas,200,22,2,0,0,-nan,100
ns3::TcpVegas,200,23,1,0,0,-nan,100
ns3::TcpVegas,200,24,1,0,0,-nan,100
ns3::TcpVegas,200,25,1,0,0,-nan,100
ns3::TcpVegas,200,26,1,0,0,-nan,100
ns3::TcpVegas,200,27,1,0,0,-nan,100
ns3::TcpVegas,500,1,3,0,0,-nan,100
ns3::TcpVegas,500,2,3,0,0,-nan,100
ns3::TcpVegas,500,3,3,1,4.48e-05,7.31108,66.6667
ns3::TcpVegas,500,4,3,1,4.48e-05,3.20558,66.6667
ns3::TcpVegas,500,5,3,1,4.48e-05,9.71484,66.6667
ns3::TcpVegas,500,6,3,1,4.48e-05,3.60629,66.6667
ns3::TcpVegas,500,7,3,1,4.48e-05,7.51157,66.6667
ns3::TcpVegas,500,8,3,0,0,-nan,100
ns3::TcpVegas,500,9,3,1,4.48e-05,6.9109,66.6667
ns3::TcpVegas,500,10,3,1,4.48e-05,9.21341,66.6667
ns3::TcpVegas,500,11,3,1,4.48e-05,6.81076,66.6667
ns3::TcpVegas,500,12,3,1,4.48e-05,7.01091,66.6667
ns3::TcpVegas,500,13,3,1,4.48e-05,3.50629,66.6667
ns3::TcpVegas,500,14,3,1,4.48e-05,3.1054,66.6667
ns3::TcpVegas,500,15,3,1,4.48e-05,9.81514,66.6667
ns3::TcpVegas,500,16,2,0,0,-nan,100
ns3::TcpVegas,500,17,2,0,0,-nan,100
ns3::TcpVegas,500,18,2,0,0,-nan,100
ns3::TcpVegas,500,19,2,0,0,-nan,100
ns3::TcpVegas,500,20,2,0,0,-nan,100
ns3::TcpVegas,500,21,2,0,0,-nan,100
ns3::TcpVegas,500,22,1,0,0,-nan,100
ns3::TcpVegas,500,23,1,0,0,-nan,100
ns3::TcpVegas,500,24,1,0,0,-nan,100
ns3::TcpVegas,500,25,1,0,0,-nan,100
ns3::TcpVegas,500,26,1,0,0,-nan,100
ns3::TcpVegas,500,27,1,0,0,-nan,100
ns3::TcpCubic,5,1,3,1,4.48e-05,7.21353,66.6667
ns3::TcpCubic,5,2,3,0,0,-nan,100
ns3::TcpCubic,5,3,3,0,0,-nan,100
ns3::TcpCubic,5,4,3,1,4.48e-05,9.81794,66.6667
ns3::TcpCubic,5,5,3,1,4.48e-05,7.81491,66.6667
ns3::TcpCubic,5,6,3,0,0,-nan,100
ns3::TcpCubic,5,7,3,1,4.48e-05,3.10605,66.6667
ns3::TcpCubic,5,8,3,1,4.48e-05,3.70744,66.6667
ns3::TcpCubic,5,9,3,1,4.48e-05,9.61761,66.6667
ns3::TcpCubic,5,10,3,1,4.48e-05,7.414,66.6667
ns3::TcpCubic,5,11,3,1,4.48e-05,3.20619,66.6667
ns3::TcpCubic,5,12,3,0,0,-nan,100
ns3::TcpCubic,5,13,3,1,4.48e-05,3.30667,66.6667
ns3::TcpCubic,5,14,3,1,4.48e-05,7.71455,66.6667
ns3::TcpCubic,5,15,3,1,4.48e-05,7.11348,66.6667
ns3::TcpCubic,5,16,2,0,0,-nan,100
ns3::TcpCubic,5,17,2,0,0,-nan,100
ns3::TcpCubic,5,18,2,0,0,-nan,100
ns3::TcpCubic,5,19,2,0,0,-nan,100
ns3::TcpCubic,5,20,1,0,0,-nan,100
ns3::TcpCubic,5,21,1,0,0,-nan,100
ns3::TcpCubic,5,22,1,0,0,-nan,100
ns3::TcpCubic,5,23,1,0,0,-nan,100
ns3::TcpCubic,5,24,1,0,0,-nan,100
ns3::TcpCubic,5,25,1,0,0,-nan,100
ns3::TcpCubic,5,26,1,0,0,-nan,100
ns3::TcpCubic,10,1,3,1,4.48e-05,9.31437,66.6667
ns3::TcpCubic,10,2,3,1,4.48e-05,7.11051,66.6667
ns3::TcpCubic,10,3,3,1,4.48e-05,3.30686,66.6667
ns3::TcpCubic,10,4,3,0,0,-nan,100
ns3::TcpCubic,10,5,3,1,4.48e-05,3.10624,66.6667
ns3::TcpCubic,10,6,3,1,4.48e-05,3.50702,66.6667
ns3::TcpCubic,10,7,3,0,0,-nan,100
ns3::TcpCubic,10,8,3,1,4.48e-05,9.61467,66.6667
ns3::TcpCubic,10,9,3,1,4.48e-05,6.70983,66.6667
ns3::TcpCubic,10,10,3,0,0,-nan,100
ns3::TcpCubic,10,11,3,0,0,-nan,100
ns3::TcpCubic,10,12,3,1,4.48e-05,7.31144,66.6667
ns3::TcpCubic,10,13,3,1,4.48e-05,6.60964,66.6667
ns3::TcpCubic,10,14,3,1,4.48e-05,3.20666,66.6667
ns3::TcpCubic,10,15,3,1,4.48e-05,6.8101,66.6667
ns3::TcpCubic,10,16,2,0,0,-nan,100
ns3::TcpCubic,10,17,2,0,0,-nan,100
ns3::TcpCubic,10,18,2,0,0,-nan,100
ns3::TcpCubic,10,19,2,0,0,-nan,100
ns3::TcpCubic,10,20,2,0,0,-nan,100
ns3::TcpCubic,10,21,2,0,0,-nan,100
ns3::TcpCubic,10,22,2,0,0,-nan,100
ns3::TcpCubic,10,23,1,0,0,-nan,100
ns3::TcpCubic,10,24,1,0,0,-nan,100
ns3::TcpCubic,10,25,1,0,0,-nan,100
ns3::TcpCubic,10,26,1,0,0,-nan,100
ns3::TcpCubic,20,1,3,0,0,-nan,100
ns3::TcpCubic,20,2,3,0,0,-nan,100
ns3::TcpCubic,20,3,3,1,4.48e-05,3.10816,66.6667
ns3::TcpCubic,20,4,3,1,4.48e-05,6.71445,66.6667
ns3::TcpCubic,20,5,3,1,4.48e-05,7.2151,66.6667
ns3::TcpCubic,20,6,3,1,4.48e-05,7.31517,66.6667
ns3::TcpCubic,20,7,3,1,4.48e-05,3.20828,66.6667
ns3::TcpCubic,20,8,3,0,0,-nan,100
ns3::TcpCubic,20,9,3,1,4.48e-05,3.50889,66.6667
ns3::TcpCubic,20,10,3,1,4.48e-05,7.1149,66.6667
ns3::TcpCubic,20,11,3,1,4.48e-05,9.61967,66.6667
ns3::TcpCubic,20,12,3,1,4.48e-05,7.41523,66.6667
ns3::TcpCubic,20,13,3,1,4.48e-05,9.21896,66.6667
ns3::TcpCubic,20,14,3,1,4.48e-05,9.72018,66.6667
ns3::TcpCubic,20,15,3,1,4.48e-05,3.6092,66.6667
ns3::TcpCubic,20,16,2,0,0,-nan,100
ns3::TcpCubic,20,17,2,0,0,-nan,100
ns3::TcpCubic,20,18,2,0,0,-nan,100
ns3::TcpCubic,20,19,2,0,0,-nan,100
ns3::TcpCubic,20,20,2,0,0,-nan,100
ns3::TcpCubic,20,21,1,0,0,-nan,100
ns3::TcpCubic,20,22,1,0,0,-nan,100
ns3::TcpCubic,20,23,1,0,0,-nan,100
ns3::TcpCubic,20,24,1,0,0,-nan,100
ns3::TcpCubic,20,25,1,0,0,-nan,100
ns3::TcpCubic,20,26,1,0,0,-nan,100
ns3::TcpCubic,20,27,1,0,0,-nan,100
ns3::TcpCubic,50,1,3,1,4.48e-05,3.40738,66.6667
ns3::TcpCubic,50,2,3,0,0,-nan,100
ns3::TcpCubic,50,3,3,1,4.48e-05,3.10626,66.6667
ns3::TcpCubic,50,4,3,1,4.48e-05,9.6172,66.6667
ns3::TcpCubic,50,5,3,1,4.48e-05,6.71168,66.6667
ns3::TcpCubic,50,6,3,1,4.48e-05,9.51702,66.6667
ns3::TcpCubic,50,7,3,1,4.48e-05,6.81225,66.6667
ns3::TcpCubic,50,8,3,1,4.48e-05,3.20713,66.6667
ns3::TcpCubic,50,9,3,1,4.48e-05,8.81552,66.6667
ns3::TcpCubic,50,10,3,1,4.48e-05,3.30728,66.6667
ns3::TcpCubic,50,11,3,1,4.48e-05,7.0123,66.6667
ns3::TcpCubic,50,12,3,1,4.48e-05,7.21284,66.6667
ns3::TcpCubic,50,13,3,1,4.48e-05,9.71746,66.6667
ns3::TcpCubic,50,14,3,0,0,-nan,100
ns3::TcpCubic,50,15,3,1,4.48e-05,9.21615,66.6667
ns3::TcpCubic,50,16,2,0,0,-nan,100
ns3::TcpCubic,50,17,2,0,0,-nan,100
ns3::TcpCubic,50,18,2,0,0,-nan,100
ns3::TcpCubic,50,19,2,0,0,-nan,100
ns3::TcpCubic,50,20,2,0,0,-nan,100
ns3::TcpCubic,50,21,2,0,0,-nan,100
ns3::TcpCubic,50,22,1,0,0,-nan,100
ns3::TcpCubic,50,23,1,0,0,-nan,100
ns3::TcpCubic,50,24,1,0,0,-nan,100
ns3::TcpCubic,50,25,1,0,0,-nan,100
ns3::TcpCubic,50,26,1,0,0,-nan,100
ns3::TcpCubic,50,27,1,0,0,-nan,100
ns3::TcpCubic,50,28,1,0,0,-nan,100
ns3::TcpCubic,100,1,3,0,0,-nan,100
ns3::TcpCubic,100,2,3,1,4.48e-05,9.81541,66.6667
ns3::TcpCubic,100,3,3,1,4.48e-05,7.61208,66.6667
ns3::TcpCubic,100,4,3,0,0,-nan,100
ns3::TcpCubic,100,5,3,1,4.48e-05,3.20375,66.6667
ns3::TcpCubic,100,6,3,1,4.48e-05,7.81257,66.6667
ns3::TcpCubic,100,7,3,1,4.48e-05,7.31094,66.6667
ns3::TcpCubic,100,8,3,0,0,-nan,100
ns3::TcpCubic,100,9,3,0,0,-nan,100
ns3::TcpCubic,100,10,3,1,4.48e-05,7.71239,66.6667
ns3::TcpCubic,100,11,3,1,4.48e-05,3.30383,66.6667
ns3::TcpCubic,100,12,3,0,0,-nan,100
ns3::TcpCubic,100,13,3,1,4.48e-05,3.70476,66.6667
ns3::TcpCubic,100,14,3,1,4.48e-05,7.21035,66.6667
ns3::TcpCubic,100,15,3,1,4.48e-05,3.10371,66.6667
ns3::TcpCubic,100,16,2,0,0,-nan,100
ns3::TcpCubic,100,17,2,0,0,-nan,100
ns3::TcpCubic,100,18,2,0,0,-nan,100
ns3::TcpCubic,100,19,2,0,0,-nan,100
ns3::TcpCubic,100,20,1,0,0,-nan,100
ns3::TcpCubic,100,21,1,0,0,-nan,100
ns3::TcpCubic,100,22,1,0,0,-nan,100
ns3::TcpCubic,100,23,1,0,0,-nan,100
ns3::TcpCubic,100,24,1,0,0,-nan,100
ns3::TcpCubic,100,25,1,0,0,-nan,100
ns3::TcpCubic,200,1,3,1,4.48e-05,7.51276,66.6667
ns3::TcpCubic,200,2,3,1,4.48e-05,7.8135,66.6667
ns3::TcpCubic,200,3,3,1,4.48e-05,3.10458,66.6667
ns3::TcpCubic,200,4,3,1,4.48e-05,3.2046,66.6667
ns3::TcpCubic,200,5,3,1,4.48e-05,9.71451,66.6667
ns3::TcpCubic,200,6,3,1,4.48e-05,9.51415,66.6667
ns3::TcpCubic,200,7,3,1,4.48e-05,3.50519,66.6667
ns3::TcpCubic,200,8,3,1,4.48e-05,7.0116,66.6667
ns3::TcpCubic,200,9,3,0,0,-nan,100
ns3::TcpCubic,200,10,3,1,4.48e-05,9.61449,66.6667
ns3::TcpCubic,200,11,3,0,0,-nan,100
ns3::TcpCubic,200,12,3,1,4.48e-05,7.61322,66.6667
ns3::TcpCubic,200,13,3,1,4.48e-05,7.21193,66.6667
ns3::TcpCubic,200,14,3,1,4.48e-05,3.60602,66.6667
ns3::TcpCubic,200,15,3,0,0,-nan,100
ns3::TcpCubic,200,16,2,0,0,-nan,100
ns3::TcpCubic,200,17,2,0,0,-nan,100
ns3::TcpCubic,200,18,2,0,0,-nan,100
ns3::TcpCubic,200,19,2,0,0,-nan,100
ns3::TcpCubic,200,20,1,0,0,-nan,100
ns3::TcpCubic,200,21,1,0,0,-nan,100
ns3::TcpCubic,200,22,1,0,0,-nan,100
ns3::TcpCubic,200,23,1,0,0,-nan,100
ns3::TcpCubic,200,24,1,0,0,-nan,100
ns3::TcpCubic,200,25,1,0,0,-nan,100
ns3::TcpCubic,200,26,1,0,0,-nan,100
ns3::TcpCubic,200,27,1,0,0,-nan,100
ns3::TcpCubic,500,1,3,1,4.48e-05,3.70552,66.6667
ns3::TcpCubic,500,2,3,1,4.48e-05,6.90974,66.6667
ns3::TcpCubic,500,3,3,0,0,-nan,100
ns3::TcpCubic,500,4,3,1,4.48e-05,6.50926,66.6667
ns3::TcpCubic,500,5,3,1,4.48e-05,3.10448,66.6667
ns3::TcpCubic,500,6,3,1,4.48e-05,7.21,66.6667
ns3::TcpCubic,500,7,3,0,0,-nan,100
ns3::TcpCubic,500,8,3,1,4.48e-05,3.20451,66.6667
ns3::TcpCubic,500,9,3,1,4.48e-05,9.31206,66.6667
ns3::TcpCubic,500,10,3,0,0,-nan,100
ns3::TcpCubic,500,11,3,1,4.48e-05,6.40924,66.6667
ns3::TcpCubic,500,12,3,1,4.48e-05,9.91335,66.6667
ns3::TcpCubic,500,13,3,0,0,-nan,100
ns3::TcpCubic,500,14,3,1,4.48e-05,7.10998,66.6667
ns3::TcpCubic,500,15,3,1,4.48e-05,3.40504,66.6667
ns3::TcpCubic,500,16,2,0,0,-nan,100
ns3::TcpCubic,500,17,2,0,0,-nan,100
ns3::TcpCubic,500,18,2,0,0,-nan,100
ns3::TcpCubic,500,19,2,0,0,-nan,100
ns3::TcpCubic,500,20,2,0,0,-nan,100
ns3::TcpCubic,500,21,2,0,0,-nan,100
ns3::TcpCubic,500,22,2,0,0,-nan,100
ns3::TcpCubic,500,23,1,0,0,-nan,100
ns3::TcpCubic,500,24,1,0,0,-nan,100
ns3::TcpCubic,500,25,1,0,0,-nan,100
ns3::TcpCubic,500,26,1,0,0,-nan,100
